-- =====================================================================
-- DATABASE DATA INSERTION SCRIPT
-- Project: Community Education Program Management
-- =====================================================================

-- 1. PROVIDER DATA
INSERT INTO PROVIDER VALUES ('V001', 'Norwood Community Org', 'John Doe', 'john@nrk.org', '555-0101', 'www.nrk.org');
INSERT INTO PROVIDER VALUES ('V002', 'Cincinnati Youth Ed', 'Jane Roe', 'jane@cye.org', '555-0102', 'www.cye.org');

-- 2. PROGRAMS DATA
INSERT INTO PROGRAMS VALUES ('P001', 'ReadySetRead', 'Early literacy', 'Improve vocab', 'V001');
INSERT INTO PROGRAMS VALUES ('P002', 'MathMagicians', 'Basic math skills', 'Improve logic', 'V002');

-- 3. CHILD DATA
INSERT INTO CHILD VALUES ('C001', '2020-05-15', 'Alice', 'Smith', 'Y', 'High potential');
INSERT INTO CHILD VALUES ('C002', '2021-08-22', 'Bob', 'Jones', 'Y', 'Active');
INSERT INTO CHILD VALUES ('C003', '2019-12-10', 'Charlie', 'Brown', 'Y', 'Need support');
INSERT INTO CHILD VALUES ('C004', '2020-02-14', 'David', 'Wilson', 'Y', 'Fast learner');
INSERT INTO CHILD VALUES ('C005', '2021-03-30', 'Eva', 'Davis', 'Y', 'Quiet');
INSERT INTO CHILD VALUES ('C006', '2020-11-11', 'Frank', 'Miller', 'Y', 'Creative');

-- 4. PARENT DATA
INSERT INTO PARENT VALUES ('PAR001', 'Mary', 'Smith', '1985-02-10', '555-0201', 'mary@email.com');
INSERT INTO PARENT VALUES ('PAR002', 'David', 'Jones', '1980-05-20', '555-0202', 'david@email.com');
INSERT INTO PARENT VALUES ('PAR003', 'Susan', 'Brown', '1982-07-15', '555-0203', 'susan@email.com');
INSERT INTO PARENT VALUES ('PAR004', 'James', 'Wilson', '1979-09-09', '555-0204', 'james@email.com');
INSERT INTO PARENT VALUES ('PAR005', 'Linda', 'Davis', '1988-11-20', '555-0205', 'linda@email.com');
INSERT INTO PARENT VALUES ('PAR006', 'Robert', 'Miller', '1981-04-12', '555-0206', 'robert@email.com');

-- 5. STAFF DATA
INSERT INTO STAFF VALUES ('S001', 'Anne', 'Teacher', '1990-01-01', 'anne@nrk.org', '555-0301', 'V001');
INSERT INTO STAFF VALUES ('S002', 'Bill', 'Mentor', '1988-05-05', 'bill@nrk.org', '555-0302', 'V001');
INSERT INTO STAFF VALUES ('S003', 'Clara', 'Coach', '1992-10-10', 'clara@cye.org', '555-0303', 'V002');

-- 6. RELATION DATA
INSERT INTO RELATION VALUES ('PAR001', 'C001', 'Mother');
INSERT INTO RELATION VALUES ('PAR002', 'C002', 'Father');
INSERT INTO RELATION VALUES ('PAR003', 'C003', 'Mother');
INSERT INTO RELATION VALUES ('PAR004', 'C004', 'Father');
INSERT INTO RELATION VALUES ('PAR005', 'C005', 'Mother');
INSERT INTO RELATION VALUES ('PAR006', 'C006', 'Father');

-- 7. CHILD_ENROLLMENT DATA
INSERT INTO CHILD_ENROLLMENT VALUES ('CER001', '2026-01-01', 'C001', 'P001', '2026-01-01');
INSERT INTO CHILD_ENROLLMENT VALUES ('CER002', '2026-01-02', 'C002', 'P001', '2026-01-02');
INSERT INTO CHILD_ENROLLMENT VALUES ('CER003', '2026-01-03', 'C003', 'P002', '2026-01-03');
INSERT INTO CHILD_ENROLLMENT VALUES ('CER004', '2026-01-04', 'C004', 'P002', '2026-01-04');
INSERT INTO CHILD_ENROLLMENT VALUES ('CER005', '2026-01-05', 'C005', 'P001', '2026-01-05');
INSERT INTO CHILD_ENROLLMENT VALUES ('CER006', '2026-01-06', 'C006', 'P002', '2026-01-06');

-- 8. PARENT_ENROLLMENT DATA
INSERT INTO PARENT_ENROLLMENT VALUES ('PER001', '2026-01-01', 'PAR001', 'P001');
INSERT INTO PARENT_ENROLLMENT VALUES ('PER002', '2026-01-02', 'PAR002', 'P001');
INSERT INTO PARENT_ENROLLMENT VALUES ('PER003', '2026-01-03', 'PAR003', 'P002');
INSERT INTO PARENT_ENROLLMENT VALUES ('PER004', '2026-01-04', 'PAR004', 'P002');
INSERT INTO PARENT_ENROLLMENT VALUES ('PER005', '2026-01-05', 'PAR005', 'P001');
INSERT INTO PARENT_ENROLLMENT VALUES ('PER006', '2026-01-06', 'PAR006', 'P002');

-- 9. SESSION DATA
INSERT INTO SESSION VALUES ('2026-06-15', '2026-06-15 09:00:00', '2026-06-15 10:00:00', 'Good', 'S001', 'P001');
INSERT INTO SESSION VALUES ('2026-06-16', '2026-06-16 14:00:00', '2026-06-16 15:00:00', 'Excellent', 'S002', 'P002');
INSERT INTO SESSION VALUES ('2026-06-17', '2026-06-17 09:00:00', '2026-06-17 10:00:00', 'Steady', 'S003', 'P002');

-- 10. ATTENDANCE DATA
INSERT INTO ATTENDANCE VALUES ('High', 'Active', '2026-06-15', '2026-06-15 09:00:00', 'C001');
INSERT INTO ATTENDANCE VALUES ('Medium', 'Quiet', '2026-06-15', '2026-06-15 09:00:00', 'C003');
INSERT INTO ATTENDANCE VALUES ('High', 'Engaged', '2026-06-16', '2026-06-16 14:00:00', 'C002');
INSERT INTO ATTENDANCE VALUES ('Low', 'Late', '2026-06-16', '2026-06-16 14:00:00', 'C004');
INSERT INTO ATTENDANCE VALUES ('High', 'Leader', '2026-06-17', '2026-06-17 09:00:00', 'C005');
INSERT INTO ATTENDANCE VALUES ('Medium', 'Focused', '2026-06-17', '2026-06-17 09:00:00', 'C006');

-- 11. ASSESSMENT DATA
INSERT INTO ASSESSMENT VALUES ('A001', '2026-06-16', 85, 'Norwood Elm', 'KRA', 'C001', 'P001');
INSERT INTO ASSESSMENT VALUES ('A002', '2026-06-16', 92, 'Norwood Elm', 'KRA', 'C003', 'P001');
INSERT INTO ASSESSMENT VALUES ('A003', '2026-06-17', 78, 'Cincinnati Prep', 'Reading', 'C002', 'P002');
INSERT INTO ASSESSMENT VALUES ('A004', '2026-06-17', 88, 'Cincinnati Prep', 'Reading', 'C004', 'P002');
INSERT INTO ASSESSMENT VALUES ('A005', '2026-06-18', 95, 'Norwood Elm', 'KRA', 'C005', 'P001');
INSERT INTO ASSESSMENT VALUES ('A006', '2026-06-18', 70, 'Cincinnati Prep', 'Reading', 'C006', 'P002');
